"","FullName","Start_","End_","FullName"
"1","DONALD J WETEKAM","2007","2011","ERNST & YOUNG LLP  NY"
"2","GEORGE LORAINE","1977","2000","INTERNATIONAL FUND SERVICES (IRELAND) LIMITED"
"3","CHARLES S. ABBOT","2000","2011","HSBC INSTITUTIONAL TRUST SERVICES (SINGAPORE) LIMITED"
"4","PETER SANDYS","1992","1998","ATTICUS GLOBAL  LTD."
"5","PETER SANDYS","1989","1998","CONYERS DILL & PEARMAN (BVI)"
"6","PATRICK LITTAYE","1977","1985","AVENUE CAPITAL GROUP"
"7","JOHN N. ABRAMS","2003","2011","PRICEWATERHOUSECOOPERS LLP CAYMAN"
"8","LISA ALEXANDER","2004","2006","CREDIT SUISSE FIRST BOSTON LLC  NY"
"9","JOHN L WOODWARD  JR","2002","2011","BREVAN HOWARD FUND LIMITED"
"10","DAVID J TEAL","1992","2011","BRIGADE CAPITAL MANAGEMENT  LLC"
"11","KEITH W. LIPPERT","2006","2011","SS&C TECHNOLOGIES  INC."
"12","MATTHEW GOLDSTEIN","1998","1999","CANTILLON FUNDS PLC"
"13","HARRY A. GOODALL","1991","2006","CANTILLON WORLD LTD."
"14","DONALD L PETERSON","2001","2011","SHARTSIS  FRIESE AND GINSBURG LLP  CA"
"15","CHARLES R HOLLAND","2003","2011","ZADIG ASSET MANAGEMENT LLP"
"16","MICHAEL M DUNN","2006","2011","D.E. SHAW COMPOSITE INTERNATIONAL FUND"
"17","JOHN L PIOTROWSKI","2004","2011","MORGAN STANLEY & CO. INTERNATIONAL PLC"
"18","C. NORMAN WOOD","1992","2011","JAY GOLDMAN ASSET MANAGEMENT  LLC"
"19","JOHN A. DUBIA","1999","2011","SPEAR  LEEDS  & KELLOGG"
"20","PAUL G. CERJAN","2008","2011","OSTERWEIS CAPITAL MANAGEMENT  LLC"
"21","JOSEPH M. COSUMANO","2004","2011","NORTHERN TRUST INTERNATIONAL FUND ADMINISTRATION SERVICES (IRELA"
"22","CLIFFORD H REES","1992","2011","J.P. MORGAN CLEARING CORP.  NY"
"23","JACK L RIVES","2009","2011","GOLDSTEIN GOLUB KESSLER LLP.  NY"
"24","JOHN D HOPPER  JR","2005","2011","TRAFELET & COMPANY LLC"
"25","JOHN A SHAUD","1991","2011","MORGAN STANLEY FUND SERVICES (BERMUDA) LTD."
"26","JAMES J. LINDSAY","1990","2011","BDO CAYMAN ACCOUNTANTS AND CONSULTANTS"
"27","THOMAS R. CASE","2002","2011","SANBORN KILCOLLIN PARTNERS  LLC.  CHICAGO"
"28","PATRICK K GAMBLE","2001","2011","WINTON CAPITAL MANAGEMENT"
"29","CHARLES H ROADMAN","1999","2011","SPECTRUM GLOBAL FUND ADMINISTRATION (CAYMAN)"
"30","WALTER E BUCHANAN III","2006","2011","GARDNER CARTON AND DOUGLAS LLC.  IL"
"31","SCOTT A. FRY","2004","2011","ELLERSTON CAPITAL LIMITED"
"32","JOHN P. OTJEN","1995","2011","KPMG (DUBLIN)"
"33","RONALD H. GRIFFITH","1997","2011","SEYFARTH SHAW LLP"
"34","JEAN KELLER","2005","2011","GOLDMAN SACHS INTERNATIONAL BANK (LONDON)"
"35","TED UEMAE","2002","2006","ENDEAVOUR CAPITAL MANAGEMENT  LONDON"
"36","COLBY M. BROADWATER","2006","2011","OLYMPIA CAPITAL (IRELAND) LIMITED"
"37","WILLIAM H. FORSTER","2000","2011","ILIAD CONSULTING LLP"
"38","RICHARD F. TIMMONS","1997","2011","VALUEACT CAPITAL PARTNERS III  L.P. C/O VA PARTNERS III  LLC"
"39","EDWIN S. LELAND","1993","2011","BANC OF AMERICA SECURITIES  LLC"
"40","DOUGLAS J. KATZ","1997","2011","CAPITAL E GROUP"
"41","BARRY M. COSTELLO","2007","2011","VALUEACT CAPITAL INTERNATIONAL III  L.P."
"42","HENRY C. GIFFIN","2000","2011","KPMG ACCOUNTANTS NV (NETHERLANDS)"
"43","GEORGE E. LOUDON","1983","1988","FIR TREE INC.  NY"
"44","JOHN A GORDON","2000","2011","PROSKAUER ROSE LLP"
"45","EDGAR R. ANDERSON  JR.","1997","2011","HSBC SECURITIES SERVICES (IRELAND) LIMITED"
"46","KEITH DORRIAN","1989","1999","HSBC NASSAU"
"47","MICHAEL W PETERSON","2009","2011","POLYGON CREDIT MANAGEMENT LP"
"48","KENNETH C. MALLEY","1994","2011","HARBERT MANAGEMENT CORPORATION"
"49","BRADLEY C. HOSMER","1994","2011","WATERMARK GROUP  NJ"
"50","CLYDE A. VAUGHN","2009","2011","J.P. MORGAN CHASE BANK  LONDON"
"51","CARL SMITH","1991","2011","HBK INVESTMENTS L.P"
"52","JONATHAN T. HOWE","1992","2011","MILLENNIUM INTERNATIONAL MANAGEMENT LLC"
"53","LORD ANDREW TURNBULL","2006","2007","FOLEY HOAG LLP"
"54","JOSEPH W. ASHY","1996","2011","PFPC TRUSTEE & CUSTODIAL SERVICES LIMITED"
"55","EDWIN P. SMITH","2003","2011","SECTOR INVESTMENT FUNDS PLC"
"56","HENRY STACKPOLE","1994","2011","A&L GOODBODY"
"57","JAMES C. KING","2001","2011","ATLANTIC INVESTMENT MANAGEMENT  INC.  NY"
"58","THOMAS R. WILSON","2002","2011","GCT CORPORATE SERVICES LTD."
"59","CARL W. FULFORD","2006","2011","MANAGEMENT INTERNATIONAL (DUBLIN) LTD."
"60","FREDERICK MCCORKLE","2001","2011","KGH FUND LTD."
"61","TERRANCE T. ETNYRE","2008","2011","HSBC BANK USA  N.A."
"62","HARRY E. SOYSTER","1991","2011","KATTEN MUCHIN ZAVIS  IL"
"63","THOMAS G. RHAME","1997","2011","RENAISSANCE TECHNOLOGIES CORP."
"64","THEODORE G. STROUP","1996","2011","O' NEAL WEBSTER O' NEAL MYERS FLETCHER AND GORDON  BVI"
"65","DONALD W. JONES","1991","2011","LAMPE  CONWAY & CO. LLC"
"66","JOHN W. FOSS","1991","2011","TRIDENT FUND SERVICES (BVI) LTD"
"67","EDWARD D. BACA","1998","2011","DEUTSCHE BANK AG"
"68","PHILIP J. G. CALDWELL","1987","2009","CITCO FUND SERVICES (BERMUDA)"
"69","WALTER B. MASSENBURG","2007","2011","NELSON AND COMPANY"
"70","WILLIAM H. CAMPBELL","2000","2011","EFG EUROFINANCIÃ¨RE D'INVESTISSEMENTS"
"71","WILSON A. SHOFFNER","1993","2011","WIBORG KAPITALFORVALTNING"
"72","CHRISTOPHER A KELLY","2008","2011","MATS OHRNER  OSBORNE JOHNSSONS REVISIONSBYRÃ¥ AB"
"73","VERNON E. CLARK","2007","2011","LIBERTY SQUARE ASSET MANAGEMENT"
"74","JAN HULY","2007","2011","SKANDINAVISKA ENSKILDA BANKEN SEB SECURITIES SERVICE"
"75","TIMOTHY W. LAFLEUR","2005","2011","PAULSON MANAGEMENT II LLC"
"76","ROBERT W. NOONAN","2003","2011","PARKCENTRAL CAPITAL MANAGEMENT  LP  TX"
"77","GORDON S. HOLDER","2003","2011","LOCH CAPITAL MANAGEMENT  BOSTON"
"78","WILLIAM M. STEELE","2001","2011","ERNST & YOUNG (DALLAS)"
"79","THOMAS S. MOORMAN  JR.","1997","2011","HALE & DORR LLP  BOSTON"
"80","LEONARD D. HOLDER","1997","2011","PARDUS CAPITAL MANAGEMENT L.P."
"81","WILLIAM G. CARTER","1997","2011","SEI INVESTMENTS - GLOBAL FUND SERVICES LIMITED"
"82","DANIEL DE FERNANDO GARCIA","2002","2009","BANK OF BUTTERFIELD INTERNATIONAL (CAYMAN) LTD."
"83","MARTIN PAUL TOLCHER","1987","1998","FORTIS FUND SERVICES (CAYMAN) LTD"
"84","MICHAEL KIRBY","1995","2000","BANC OF AMERICA SECURITIES  LLC (CA)"
"85","JAMES J. SCHONBACHLER","1968","1998","GRAHAM  THOMPSON AND CO.  BAHAMAS"
"86","HENRY KELLY","1987","1992","MONTRICA INVESTMENT MANAGEMENT LLP"
"87","PATRICK LITTAYE","1985","1992","LIGHTHOUSE PARTNERS LLC"
"88","MILES OÃ‚â‚¬â„¢CONNOR","1997","2004","LEVEL GLOBAL OVERSEAS  LTD."
"89","JEAN KELLER","1988","1992","WEIL  GOTSHAL & MANGES LLP"
"90","PETER P. WALSH","1990","2000","FINANCIAL CONDUCT AUTHORITY"
"91","BRUCE KNUTSON","2001","2011","PREMIER FUND SERVICES LIMITED"
"92","JAMES VERNON","2000","2001","HOWARD  RICE  NEMEROVSKI  ET ALIA - SAN FRANCISCO"
"93","TOM FINLAY","1991","2001","OGIER & BOXALLS  CAYMAN"
"94","TIMOTHY J. KEATING","2011","2011","RMS CAPITAL MANAGEMENT (HK) LTD."
"95","JEFFREY B KOHLER","2007","2011","MKM LONGBOAT CAPITAL ADVISORS (UK) LTD."
"96","GEORGE K MUELLNER","1998","2011","SOCIETE BANCAIRE PRIVEE SA"
"97","CARL G. O'BERRY","1995","2011","EFG BANK"
"98","PAUL F. MCCARTHY","1990","2010","BNP PARIBAS ARBITRAGE SNC"
"99","ANTHONY R. JONES","2006","2011","POST ROAD CAPITAL MANAGEMENT  LLC"
"100","JAMES BRABHAM","1996","2011","APPLEBY TRUST (CAYMAN) LTD."
"101","JOHN B. NATHMAN","2007","2011","LYDIAN OVERSEAS PARTNERS  LTD."
"102","LARRY JORDAN","2003","2011","NEXAR CAPITAL GROUP"
"103","JOSEPH E HURD","2000","2011","PARKCENTRAL GLOBAL FUND LIMITED"
"104","WILLIAM P HALLIN","1998","2011","PECUNIA"
"105","ARTHUR C. BLADES","1996","2011","RODINIA FUND LTD."
"106","NORMAN R. SEIP","2009","2011","WHITEBOX COMBINED FUND  LTD."
"107","HENRY OSMAN","2006","2011","KBC GROUP NV"
"108","SAMUEL N. WAKEFIELD","1994","2011","GOLDMAN SACHS EXECUTION AND CLEARING L.P."
"109","ROBERT J. DONAHUE","1990","2011","EDWARDS ANGELL PALMER & DODGE LLP"
"110","ROBIN BOWIE","1989","1995","GOLDSTEIN GOLUB KESSLER AND CO. INTERNATIONAL  BERMUDA"
"111","MARKOS KAMCHIS","2008","2009","RAPTOR GLOBAL FUND LTD. (THE)"
"112","CHRISTOPHER BARTON","2001","2004","CREDIT AGRICOLE S.A."
"113","PATRICK ZURSTRASSEN","1987","2002","COGHILL CAPITAL MANAGEMENT  L.L.C."
"114","ALBERT M. CALLAND III","2007","2011","CCM SMALL CAP VALUE FUND  LTD."
"115","LOWELL E. JACOBY","2006","2011","MORGAN STANLEY & CO. INC. (BROOKLYN)"
"116","RICHARD W. MAYO","2004","2011","IRISH LIFE INTERNATIONAL LTD."
"117","WILLIAM H. RENO","1992","2011","DEUTSCHE BANK SUISSE"
"118","WILLIAM S. WALLACE","2008","2011","SIS SEGAINTERSETTLE AG"
"119","MICHAEL J. WILLIAMS","2002","2011","BUTTERFIELD BANK (CAYMAN) LIMITED"
"120","DALE C. LAPORTE","1974","2005","MATRIX GROUP LIMITED"
"121","DAVID L. BREWER III","2006","2011","CITCO BANK NEDERLAND N.V. LUXEMBURG BRANCH"
"122","EDWIN H. BURBA","1993","2011","BROWN BROTHERS HARRIMAN (LUXEMBOURG) S.C.A."
"123","LAURENT GUILLET","2004","2007","FINANCIAL RISK MANAGEMENT LIMITED"
"124","KURT ARNOLD","1975","1983","UNION BANCAIRE PRIVÃ©E (LUXEMBOURG) S.A."
"125","MARI KOOI","1991","1995","UBS ALTERNATIVE AND QUANTITATIVE INVESTMENTS LLC"
"126","ARCHIE R. CLEMINS","1999","2011","DELOITTE LLP (GUERNSEY)"
"127","ROBERT A.  JR. ODEN","2002","2010","LEGIS FUND SERVICES LIMITED (GY)"
"128","ROBERT A.  JR. ODEN","2002","2010","BUTTERFIELD BANK (GUERNSEY) LIMITED"
"129","JESSE H. AUSUBEL","1989","1993","BANCA DEL CERESIO SA"
"130","WILLIAM C. BOWES","2003","2011","BSI SA  LUGANO"
"131","CAROL MUTTER","1999","2011","UBS FUND SERVICES (LUXEMBOURG) S.A."
"132","STEWART E CRANSTON","2005","2011","AMITRADE GLOBAL CUSTODY FOUNDATION"
"133","JOHN EDWARD MALTBY","1992","1994","HSBC GLOBAL ASSET MANAGEMENT (UK) LIMITED"
"134","JOHN R. RYAN","2002","2011","CITIGROUP INVESTMENTS INC."
"135","RICARDO S. SANCHEZ","2006","2011","ROYAL BANK OF CANADA (CHANNEL ISLANDS) LIMITED"
"136","CHRISTOPHER BARTON","1994","1998","HFA HOLDINGS LIMITED"
"137","WILLIAM F. WATERS","1984","1996","CACEIS (BERMUDA) LIMITED"
"138","L. WHITE MATTHEWS  III","2003","2007","CACEIS BANK LUXEMBOURG DUBLIN BRANCH"
"139","CHARLES R HEFLEBOWER","2002","2011","INTERNATIONAL ADMINISTRATION (GUERNSEY) LIMITED"
"140","RICHARD JEFFREY","1992","2002","VERWALTUNGS - UND PRIVAT-BANK AG"
"141","JOHN WALLEY","1977","1990","ERNST & YOUNG AG (BERN)"
"142","LEONARD M.  JR. SPALDING","1990","1998","CONFIANCE FUND SERVICES LIMITED"
"143","LEONARD M.  JR. SPALDING","1989","1998","GRANT THORNTON LIMITED (GUERNSEY)"
"144","JOSEPH J REDDEN","1999","2011","CANACCORD GENUITY WEALTH (INTERNATIONAL) LIMITED"
"145","EDWARD DOVE","1986","1992","BGL BNP PARIBAS (LUX)"
"146","JOHN WALLEY","1990","1993","BGL S.A. (NAMED FORTIS BANQUE LUXEMBOURG S.A.)"
"147","MICHAEL V HAYDEN","2008","2011","BNP PARIBAS SECURITIES SERVICES  PLC."
"148","JAMES BINFORD PEAY","1997","2011","HSBC INSTITUTIONAL TRUST SERVICES (IRELAND) LIMITED"
"149","HENRY G. CHILES","1996","2011","ABN AMRO BANK (LRELAND) LIMTED  LUXEMBOURG BRANCH"
"150","DAVID PETREUS","2011","2012","ABN AMRO FUND SERVICES (LUXEMBOURG) S.A R.L."
"151","PASCAL PERNET","1997","1998","BVI FINANCIAL SERVICES COMMISSION"
"152","KENT JANÃƒÂ©R","1986","1989","SKANDINAVISKA ENSKILDA BANKEN S.A."
"153","ROBERT T. CLARK","2007","2011","HEDGESERV (CAYMAN) LTD."
"154","GEORGE E. LOUDON","1998","2002","UMB FUND SERVICES  INC."
"155","JAMES R. HOGG","1991","2011","STATE STREET GLOBAL SERVICES (CANADA)"
"156","JOSEPH YAKOVAC","2007","2011","KPMG (AUSTRALIA)"
"157","HARRY RADUEGE","2005","2011","NATIONAL AUSTRALIA BANK LIMITED"
"158","PAUL J. KERN","2005","2011","CERTITUDE GLOBAL INVESTMENTS LIMITED"
"159","JOSEPH W RALSTON","2003","2011","CITI FUND SERVICES OHIO  INC"
"160","JAMES LOY","2002","2011","JD CLARK & COMPANY"
"161","TOME H WALTERS  JR","2004","2011","PRICEWATERHOUSECOOPERS LLP (CHICAGO)"
"162","ANDREA FEINGOLD","1991","1998","UMB BANK  N.A."
"163","JANET L. SCHINDERMAN","1990","2006","STATE STREET TRUSTEES (GUERNSEY) LIMITED"
"164","ALFRED M. GRAY","1991","2011","KPMG AUDIT  LLC (MAN)"
"165","WALTER J. DAVIS","2003","2011","ROTHSTEIN  KASS & COMPANY  PC (ROSELAND)"
"166","WILLIAM W. CROUCH","1999","2011","PNC BANK  NATIONAL ASSOCIATION"
"167","JAMES F. ORR III","1975","1986","NATIONAL BANK OF CANADA"
"168","JOZEF CHARLES HENDRIKS","1978","1980","U.S. BANK  N.A."
"169","PAUL V HESTER","2008","2011","MALTA FINANCIAL SERVICES AUTHORITY"
"170","HUBERT KELLER","1991","1995","IMS INTERNATIONAL MANAGEMENT SERVICES LTD."
"171","ERIC MAX CHARLES SYZ","1990","1993","ECLIPSE CONSULTING LLC"
"172","ROBERT H FOGLESONG","2006","2011","MAPLES FIDUCIARY SERVICES (CAYMAN) LIMITED"
"173","CHARLES G. BOYD","1995","2011","MAPLES FINANCE JERSEY LIMITED"
"174","JOHN J. YEOSOCK","1992","2011","ADVANCED FUND ADMINISTRATION (CAYMAN) LTD."
"175","PATRICK LITTAYE","1993","1994","CARNE GLOBAL FINANCIAL SERVICES (CAYMAN) LIMITED"
"176","VEIT DE MADDALENA","1994","1995","WALKERS  DUBAI"
"177","BARBARA VANNOTTI-HOLZRICHTER","1997","1999","PORTAL FUND ADMINISTRATION LIMITED"
"178","PASCAL PERNET","2001","2004","REICHMUTH & CO  LUCERNE"
"179","CHRISTIAN VON BALLMOOS","2001","2004","PRICEWATERHOUSECOOPERS LTD  LUCERNE"
"180","RUPERT DOREY","1988","2005","ARENDT & MEDERNACH"
"181","LAURENT ARNOUX","1988","2001","LINKLATERS & PAINES"
"182","VEIT DE MADDALENA","1997","1998","NAUTADUTILH NV"
"183","VEIT DE MADDALENA","1999","2002","DBS BANK LTD"
"184","VEIT DE MADDALENA","2003","2006","CABINET SELLAM"
"185","STEPHEN B CROKER","1996","2011","KILROYS SOLICITORS"
"186","WILLIAM D. CROWDER","2010","2011","MPM CAPITAL"
"187","JAMES VERNON","2001","2002","KPMG AUSTRIA GMBH"
"188","JAMES VERNON","1998","2000","ASSET RISK CONSULTANTS LIMITED"
"189","CARYL G. MARSH","1997","2011","COX HALLETT WILKINSON"
"190","RICHARD F. KELLER","1996","2011","INTERNATIONAL FINANCIAL SERVICES LIMITED  MAURITIUS"
"191","CARMEN J.","1994","2011","SWISS FINANCIAL SERVICES (CAYMAN) LTD."
"192","JOZEF CHARLES HENDRIKS","1980","1983","BAHAMAS PERSONAL MANAGEMENT SERVICES LTD."
"193","RICHARD T. SWOPE","2001","2011","ZOBEC GROUP OF COMPANIES"
"194","RONALD V. HITE","1997","2011","ARTHUR COX (DUBLIN)"
"195","JIMMY D. ROSS","1994","2011","OAKLEY CAPITAL INVESTMENTS LIMITED"
"196","MARK J. EDWARDS","2008","2011","BNP PARIBAS SECURITIES SERVICES (IRELAND)"
"197","MICHAEL F. KALLERES","1994","2011","KPMG AUDIT  PLC"
"198","RICHARD M SCOFIELD","1996","2011","VIRTUS TRUST LIMITED (GUERNSEY)"
"199","CLAUDIA J. KENNEDY","2000","2011","AB FUND SERVICES"
"200","JAMES P MCCARTHY","1992","2011","LINKLATERS LLP (LUX)"
"201","DIEGO E. HERNANDEZ","1991","2011","CIBC BANK AND TRUST COMPANY (CAYMAN) LIMITED"
"202","MALCOM B. ARMSTRONG","1995","2011","LENZ & STAEHELIN"
"203","WILLIAM ETNYRE","1990","2011","SAINTCO LTD. STREET  NASSAU  BAHAMAS "
"204","BRUCE DEMARS","1996","2011","CAYMAN MANAGEMENT LIMITED"
"205","DENNIS J. REIMER","1999","2011","MUTUAL TRUST CYPRUS LTD"
"206","HUBERT KELLER","1995","2006","SEYMOUR TRUST COMPANY LIMITED"
"207","STEPHEN STONBERG","1996","2001","CAPITA FIDUCIARY GROUP"
"208","JEAN-YVES MALDAGUE","1990","1997","JEFFERIES GROUP  INC."
"209","FABRICE CUCHET","2003","2009","IPAF (BERMUDA) LTD."
"210","FRANK LIBUTTI","2001","2011","MACFARLANES LLP (UK)"
"211","JAIME ESPINOSA DE LOS MONTEROS","1986","1988","DELOITTE & TOUCHE EGYPT ACCOUNTANTS AND AUDITORS"
"212","JOHNNIE E. WILSON","1999","2011","SABLE TRUST LIMITED"
"213","VANESSA BARRETT","2010","2012","ATC TRUSTEES (CAYMAN) LIMITED"
"214","JOHN G. COTTON","2008","2011","STATE STREET BANK & TRUST COMPANY (UK)"
"215","JERRY L. SINN","2006","2011","CITIBANK INTERNATIONAL PLC  (LUXEMBOURG BRANCH)"
"216","PHILIP M. BALISLE","2005","2011","BANK OF NEW YORK MELLON (NY)"
"217","MICHAEL E ZETTLER","2006","2011","APPLEBY TRUST (MAURITIUS) LIMITED"
"218","THOMAS L BAPTISTE","2007","2011","AVANTI PROPERTIES GROUP"
"219","MICHAEL A. CANAVAN","2001","2011","BEDELL CRISTIN (BVI)"
"220","WALTER KROSS","1998","2011","BEACON FUND SERVICES (BERMUDA) LTD"
"221","JOHN G LORBER","1997","2011","BREWIN DOLPHIN (JERSEY)"
"222","CHARLES MCCAUSLAND","1992","2011","AMICORP FUND SERVICES N.V."
"223","CHARLES S. MAHAN","2006","2011","ARKIN HOLDINGS"
"224","ANTHONY ZINNI","2000","2011","BESSEMER TRUST COMPANY (CAYMAN) LIMITED"
"225","RICHARD E HAWLEY","1999","2011","BRIDGE CONSULTING"
"226","BARRY R. MCCAFFREY","1996","2011","CALEDONIAN GLOBAL FUND SERVICES (USA)"
"227","ARTHUR J LICHTE","2009","2011","RICHMOND PARK PARTNERS LLP"
"228","MICHAEL A HOUGH","2005","2011","BUTTERFIELD TRUST (GUERNSEY) LIMITED"
"229","CHARLES PITMAN","1990","2011","LINDSAY FIDUCIARY SERVICES"
"230","GEORGE E. LOUDON","1995","1998","CACEIS BANK FRANCE"
"231","BRIAN CURTIS TAYLOR","1988","2002","DOMINION FIDUCIARY SERVICES LIMITED"
"232","ALBERT J. EDMONDS","1997","2011","CITIBANK INTERNATIONAL PLC  (IRELAND BRANCH)"
"233","WILLIAM J. ARMSTRONG","2000","2001","BNP PARIBAS SECURITIES SERVICES (LUX)"
"234","GARRY PARKS","2004","2011","KELLERHALS ANWÃ¤LTE (ZÃ¼RICH)"
"235","MARKOS KAMCHIS","2007","2008","ELYSIUM FUND MANAGEMENT LIMITED"
"236","GEORGE LORAINE","2002","2004","NUVEEN INVESTMENTS"
"237","FREDERICK W. RUEBECK","1988","1999","CALEDONIAN GLOBAL FUND SERVICES LTD. (BVI)"
"238","JONATHAN HOOK","2007","2011","ABACUS FINANCIAL SERVICES LIMITED"
"239","JAMES HILLE","2007","2011","RBC GLOBAL ASSET MANAGEMENT"
"240","CHARLES T ROBERTSON","2001","2011","MAN CORPORATE SERVICES (IRELAND) LIMITED"
"241","BILLY M. THOMAS","1992","2011","FUND FIDUCIARY PARTNERS LIMITED"
"242","HARRY G. ULRICH III","2008","2011","BANK OF AMERICA  N.A. (CHICAGO)"
"243","LAWRENCE A. KEARNS","1990","2002","PRICEWATERHOUSECOOPERS (TORONTO)"
"244","CHRISTOPHER F.L. LEGGE","1983","2002","CITIBANK N.A. NEW YORK"
"245","ERIC BERTRAND","1991","1996","ROTHSTEIN  KASS & COMPANY (SAN FRANCISCO)"
"246","GEORGE MARINOPOULOS","1993","1997","CITITRUST (BAHAMAS) LIMITED"
"247","JAIME ESPINOSA DE LOS MONTEROS","1988","2000","BANCO SANTANDER (SUISSE) SA"
"248","EDWARD M. STRAW","1996","2011","ALPERN ROSENTHAL"
"249","CHARLES R. LARSON","1998","2011","NORTHERN TRUST GLOBAL FUND SERVICES CAYMAN LIMITED"
"250","GEORGE E. LOUDON","1996","1999","BARCLAYS CAPITAL INC."
"251","MICHAEL VAREIKA","1985","1986","BARCLAYS PLC"
"252","ARTHUR CHARLES VALERIAN WELLESLEY","1979","1989","ARTHUR F. BELL  JR. & ASSOCIATES (CAYMAN)"
"253","GEORGE E. LOUDON","2002","2004","CITIGROUP FUND SERVICES CANADA  INC."
"254","JOSEPH S. LAPOSATA","1993","2011","CITIGROUP INC."
"255","HENRY KELLY","1995","2005","GRANT THORNTON (NEW YORK)"
"256","RONALD EYTCHISON","1998","2011","PLANTE & MORAN  PLLC"
"257","ROBERT L. ORD","1996","2011","INTERNATIONAL FUND SERVICES (N.A.) L.L.C."
"258","GEORGE C. GUYNN","1996","2006","CUSTOM HOUSE GLOBAL FUND SERVICES LIMITED"
"259","TREVOR A. HAMMOND","1993","2011","CITCO FUND SERVICES (HONG KONG) LIMITED"
"260","JOHN K. HURLEY","1993","1997","ROTHSTEIN  KASS & COMPANY (NEW YORK)"
"261","BARBARA VANNOTTI-HOLZRICHTER","2000","2004","SULLIVAN WOLF KAILUS LLC"
"262","MARK LLORD-PRICE","1975","1978","BNY ALTERNATIVE INVESTMENT SERVICES  INC"
"263","KEITH DORRIAN","1984","1989","PRICEWATERHOUSECOOPERS (MALTA)"
"264","BRUCE L. FISTER","1996","2011","ING BANK (EURASIA) ZAO"
"265","ROBERT ANDRES","2005","2007","CITIGROUP GLOBAL MARKETS LIMITED (UNITED KINGDOM)"
"266","ROBERT J. HIGGINS","1971","2001","CITIBANK N.A. SAN FRANCISCO"
"267","BOYD REX PLOWMAN","1985","1987","EQUINOXE ALTERNATIVE INVESTMENT SERVICES (BERMUDA) LIMITED"
"268","HENRY KELLY","1993","1999","NEUBERGER BERMAN GROUP LLC"
"269","ROBERT MILLIGAN","1991","2011","KEMPEN & CO N.V."
"270","CHRISTOPHER BARTON","1998","2001","EDMOND DE ROTHSCHILD GROUP"
"271","COLIN BALL","2001","2004","BNY MELLON ASSET SERVICING (IRELAND)"
"272","VERNON KONDRA","1992","2011","WELLS FARGO PRIME SERVICES  LLC"
"273","JOHN E. JACKSON  JR.","1994","2011","BERNSTEIN SHUR  SAWYER & NELSON  P.A."
"274","PIM MOL","2002","2008","DMS OFFSHORE INVESTMENT SERVICES (DUBLIN)"
"275","ARTHUR CHARLES VALERIAN WELLESLEY","1994","2005","SMITH MANAGEMENT LLC"
"276","TOMMY R. FRANKS","2003","2011","JEFFERIES LLC"
"277","FREDDY E. MCFARREN","2003","2011","SMT FUND SERVICES (IRELAND) LIMITED"
"278","WILLIAM SCOTT","2003","2004","CHALLENGER LIMITED"
"279","DAVID E. FROST","1996","2011","CITI FUND SERVICES (ASIA)  LIMITED"
"280","JAY M. GARNER","2004","2011","CITCO FUND SERVICES (SAN FRANCISCO)  INC."
"281","EDWARD MOORE","2001","2011","R&H FUND SERVICES (JERSEY) LIMITED"
"282","DONALD L. KERRICK","2001","2011","WENGER & VIELI LTD."
"283","JAY L. JOHNSON","2000","2011","LOUVRE GROUP LIMITED"
"284","CARL E. MUNDY","1995","2011","DUFF & PHELPS  LLC"
"285","PAUL E. FUNK","1996","2011","UBS (BAHAMAS) LTD."
"286","RUSSEL L. HONORE","2008","2011","SEI INVESTMENTS GLOBAL (CAYMAN) LIMITED"
"287","COLIN BALL","1991","2000","WELLS FARGO GLOBAL FUND SERVICES (IRELAND) LIMITED"
"288","HENRY H. MAUZ","1994","2011","TRIDENT FUND SERVICES (JERSEY) LIMITED"
"289","CLAUDE M. KICKLIGHTER","1991","2011","EQUINOX FINANCIAL GROUP  LLC"
"290","ROBERT J ELDER","2009","2011","CAPITRON BANK OF MONGOLIA"
"291","MONTGOMERY C. MEIGS","2003","2011","BNP PARIBAS FINANCIAL SERVICES"
"292","CHRISTIAN CARRON","1990","2003","HFR GROUP  LLC"
"293","JOHN EDWARD MALTBY","1990","1991","HOLDEN MOSS KNOTT CLARK & COPLEY  P.A."
"294","JOZEF CHARLES HENDRIKS","1983","2002","MITSUBISHI UFJ FUND SERVICES"
"295","DENIS G. RAEBURN","1987","2001","PRICEWATERHOUSECOOPERS LLP (LOS ANGELES)"
"296","LISA ALEXANDER","1997","2003","ARTHUR BELL  CERTIFIED PUBLIC ACCOUNTANTS"
"297","CLAUDE V. CHRISTIANSON","2008","2011","LOUIS DREYFUS HOLDING B.V."
"298","MARVIN L. COVAULT","1995","2011","MICHAEL J.LICCAR & CO."
"299","MINO CAPOSSELA","1991","2001","MITSUBISHI UFJ FINANCIAL GROUP  INC."
"300","ALLAN TEH","1991","1997","EISNERAMPER (SAN FRANCISCO)"
"301","JOHN EDWARD MALTBY","1986","1990","CITIBANK N.A. LONDON"
"302","LAURENT ARNOUX","1986","1988","G&S FUND SERVICES"
"303","GEORGE MARINOPOULOS","1989","1993","S&Z FUND SERVICES LLC"
"304","RAYMOND J.R. FRENCH","1987","1994","TRAVERS THORP ALBERGA"
"305","ELAINE MISKIEWICZ","1998","2002","KPMG (MAURITIUS)"
"306","CHARLES E. DOMINY","1995","2011","30 WEST PERSHING"
"307","LEWIS W. CRENSHAW","2007","2011","7 CLIFFORD STREET LIMITED"
"308","DANIEL R. SCHROEDER","1995","2011","ABACO FINANCIALS FUND"
"309","GARY H. MEARS","1994","2011","ABACUS LIMITED"
"310","CARL W. STINER","1993","2011","ABAX GLOBAL CAPITAL"
"311","JOHN EDWARD HALLAM","2003","2006","ABN GROUP"
"312","CHARLES PARKINSON","2008","2012","ABSOLUTE INVEST AG  ZUG"
"313","JEFFREY BURTON","1997","2005","ABSOLUTE INVESTMENT SERVICES LTD."
"314","CHRISTOPHER HILL","1996","2005","ABSOLUTE INVESTMENT SERVICES LTD.  ZURICH"
"315","GEOFFREY L. BELL","1987","1993","ABSOLUTE US AG"
"316","EARL HAILSTON","2003","2011","ACT II CAPITAL LLC"
"317","CHARLES R. HAMM","1991","2011","ADDISON CLARK CAPITAL LLC"
"318","WILLAM G. BOYKIN","2007","2011","ADELPHI UNIVERSITY"
"319","KENT JANÃƒÂ©R","1984","1986","ADMINISTRATION AND GESTION S.A."
"320","DENNIS L. BENCHOFF","1998","2011","ADVANTAGE ADVISERS AUGUSTA FUND  LLC"
"321","TAD J OELSTROM","2000","2011","ADVANTAGE ADVISERS PORTFOLIO"
"322","MONROE W HATCH  JR.","1990","2011","ADVANTAGE ADVISERS SAWGRASS FUND  LLC"
"323","DAVID A. BRAMLETT","1998","2011","ADVANTAGE ADVISERS WHISTLER FUND  LLC"
"324","ALLEN K. ONO","1990","2011","ADVANTAGE ADVISERS XANTHUS II  LLC"
"325","RONALD R. BLANCK","2000","2011","ADVENT HEDGED CONVERTIBLE STRATEGY"
"326","PETER M. HEKMAN","1991","2011","ADVISORY RESEARCH  INC."
"327","ROBERT J SPANE","1996","2011","AETOS CAPITAL´S"
"328","HAL M HORNBURG","2005","2011","AGILITY DEFENSE GOVERNMENT SERVICES"
"329","ROBERT B. FLOWERS","2004","2011","AGI THERAPEUTICS PLC."
"330","ALEXANDER M SLOAN","1994","2011","AIR CONDITIONING AND REFRIGERATION INSTITUTE"
"331","ALONZO E. SHORT","1994","2011","ALASKA RAILROAD"
"332","HOWELL M ESTES III","1998","2011","ALENIA N. AMERICA"
"333","PATRICIA A. TRACEY","2004","2011","ALFI GESTION"
"334","ROBIN BOWIE","1995","1998","ALFRED BERG"
"335","CHARLES A. HORNER","1994","2011","ALTERNATIVE ASSET ADVISORS (3A)"
"336","HAROLD BLOT","1996","2011","ALTIN AG"
"337","JOHN S FAIRFIELD","1997","2011","AMERICAN COLLEGE OF THE BUILDING ARTS"
"338","KEVIN P. GREEN","2004","2011","AMERICAN DEFENSE SYSTEMS"
"339","JOHN J. GROSSENBACHER","2003","2011","AMERICAN SAVINGS BANK"
"340","PAUL E. SULLIVAN","2008","2011","AMERICAN UNIVERSITY IN CAIRO"
"341","JOHN SATTLER","2008","2011","AMERICAN WOOD FIBERS  INC"
"342","WILLIAM E. MORTENSEN","2008","2011","AMI ADVISORY SERVICES"
"343","DAVID M. MADDOX","1995","2011","AMUNDI ALTERNATIVE INVESTMENTS"
"344","JEROME B. HILMES","1992","2011","ANGLO IRISH BANK CORPORATION (I.O.M.) P.L.C."
"345","RICHARD D. HEARNEY","1996","2011","ANGLO IRISH TRUST CO  LTD"
"346","WILLIAM J. ARMSTRONG","1972","2000","AP ALTERNATIVE ASSETS LP"
"347","JOHN G. MORGAN  JR","2008","2011","APIS CAPITAL ADVISORS"
"348","FRANK B CAMPBELL","2000","2011","APPLEBY"
"349","PETER A. KIND","1994","2011","APPLIED STRATEGIE  LTD"
"350","WILLIAM L. NYLAND","2005","2011","APPTIS"
"351","EMIL BEDARD","2003","2011","ARTIS CAPITAL"
"352","JIM LE PELLEY","1982","2005","ASGI AGILITY INCOME FUND"
"353","DALE C. LAPORTE","2005","2008","ASI GLOBAL"
"354","GRANT DAVID CAMERON","1996","2001","ASSOCIATION OF INVESTMENT COMPANIES"
"355","ADRIAN WATERS","1989","1993","ATHENA INNOVATIVE SOLUTIONS"
"356","ALEXANDER G. L. WEST","1995","2000","ATHENA TECHNOLOGIES"
"357","J. KEVIN K. MORAN","2007","2011","ATK"
"358","JOHN H CAMPBELL","2003","2011","ATLANTIC COUNCIL"
"359","CARL O'SULLIVAN","1983","1987","ATSC"
"360","JOE W. DYER","2003","2011","ATT GOV SERVICES"
"361","JAMES M. DUBIK","2008","2011","AURA SYSTEMS XBERNAUT"
"362","DAVID F. MELCHER","2008","2011","AURORA AEROSPACE"
"363","RICHARD JOHN CROWDER","1970","1973","AUSA"
"364","JACK P. NIX ","1999","2011","AUTONOMOUS RESEARCH"
"365","JOHN EDWARD MALTBY","1975","1986","AVIVA INVESTORS LONDON LIMITED"
"366","JOSEPH P. HOAR","1994","2011","AXIS CAPITAL HOLDINGS LTD"
"367","SCOTT C. BLACK","2009","2011","BAH"
"368","JAMES R. HELMLY","2006","2011","BAINBRIDGE PARTNERS"
"369","RONALD J. ZLATOPER","1997","2011","BAKER HUGHES"
"370","MARK LLORD-PRICE","1969","1975","BALCKSTONE PLC"
"371","PAUL A. YOST","1990","2011","BANCA DEL CERESIO"
"372","JOHN B SAMS  JR","2000","2011","BANCA LEONARDO"
"373","JOHN W HANDY","2005","2011","BANKERS TRUST"
"374","JAMES A FAIN  JR.","1995","2011","BANKERS TRUST COMPANY"
"375","NORMAN SMITH","1991","2011","BANK LEU LTD  ZURICH"
"376","JOHN MICHAEL LOH","1995","2011","BANK OF BERMUDA"
"377","JOHN R. VINES","2007","2011","BANK OF BERMUDA LIMITED"
"378","GARY E. LUCK","1996","2011","BANK OF BUTTERFIELD & SON LTD."
"379","JOHN B. TOTUSHEK","2003","2011","BANK OF NEW YORK"
"380","GEORGE A. JOULWAN","1997","2011","BANK SARASIN & CIE AG"
"381","KENT JANÃƒÂ©R","1989","1995","BANK VON ERNST"
"382","FREDERICK W. RUEBECK","2000","2009","BANK VONTOBEL AG"
"383","STEPHEN STONBERG","2001","2006","BANQUE ARABE ET INTERNATIONALE DÍNVESTISSEMENT"
"384","DANIEL DE FERNANDO GARCIA","1988","2002","BANQUE BRUXELLES LAMBERT SA"
"385","HENDRIK VAN RIEL","1984","1996","BANQUE DE GESTION EDMOND DE ROTHSCHILD MONACO"
"386","MICHAEL VAREIKA","1986","1992","BANQUE DE GESTION PRIVÉE INDOSUEZ"
"387","MINO CAPOSSELA","2001","2003","BANQUE PALLAS FRANCE"
"388","H.S.H. PRINCE MAXIMILIAN VON UND ZU LIECHTENSTEIN","1993","1996","BANQUE PRIVÉE EDMOND DE ROTHSCHILD LTD"
"389","JOHN P. ABIZAID","2007","2011","BANQUE SYZ & CO SA"
"390","JOSEPH S. DONNELL","1991","2011","BARCLAYS GLOBAL INVESTORS (BGI)"
"391","JAMES T. HILL","2005","2011","BARCLAY´S GROUP ASA"
"392","JAIME ESPINOSA DE LOS MONTEROS","2000","2006","BARING ASSET MANAGEMENT HOLDING LIMITED"
"393","HUNTINGTON HARDISTY","1991","2011","BARINGS"
"394","BILLY J. BOLES","1997","2011","BATTELLE"
"395","ROBIN BOWIE","1998","2000","BAY DISTRIBUTORS  INC."
"396","JAMES L. CAMPBELL","2008","2011","BCV"
"397","JOHN M. CURRAN","2007","2011","BDO SIMPSON XAVIER"
"398","RICHARD A. HACK","2005","2011","BEACH FRONT PROPERTY MANGEMENT"
"399","JOHN J. CUSICK","2003","2011","BEARING POINT"
"400","JOHN M. KEANE","2003","2011","BECHTEL"
"401","FRANK B. KELSO","1994","2011","BELLARMINE UNIVERSITY"
"402","NEIL DUNN","1989","2006","BELL HELICOPTERS"
"403","MAXWELL C BAILEY","2002","2011","BGL BNP PARIBAS"
"404","ROBERT A.  JR. ODEN","1995","2002","B GRIFFIN COMPANY LLC"
"405","JAIME ESPINOSA DE LOS MONTEROS","2006","2009","BH GLOBAL LIMITED"
"406","GREGORY S. SELLERS","2003","2009","BLACKMAN ROBERT INC."
"407","COLIN L. POWELL","1993","2011","BLAKENEY"
"408","GEORGE MARINOPOULOS","1984","1989","BLUEFIN INVESTMENT MANAGEMENT"
"409","LUC DE VET","1988","1998","BNP PARIBAS INVESTMENT PARTNERS"
"410","DANIEL VAN HOVE","1987","2003","BOARD LIFE PARTNERS HOLDINGS"
"411","LLOYD W NEWTON","2000","2011","BOARD OF THE DIRECTOR´S OFFICE S.A. (MDO SERVICES S.A.)"
"412","PATRICK M. HUGHES","1999","2011","BOEING"
"413","JAMES J. LOVELACE","2009","2011","BOEING - C3/NETWORKS"
"414","RICHARD A. CODY","2008","2011","BOEING - TRAINING SYSTEMS AND SERVICES"
"415","CHARLES F WALD","2006","2011","BONN & SCHMITT"
"416","WILLIAM P. TANGNEY","2002","2011","BONNIER MEDICAL"
"417","DENNIS A. JONES","1998","2011","BOSTON AREA RAPE CRISIS CENTER"
"418","JIMMIE V. ADAMS","1993","2011","BOSTON COLLEGE CHIEF EXECUTIVES´ CLUB OF BOSTON"
"419","JOHN M. SHALIKASHVILI","1997","2011","BRABHAM JAMES INC."
"420","WILLIAM F. KERNAN","2002","2011","BRANT POINT INVESTMENT MANAGEMENT LLC"
"421","CHRISTIAN VON BALLMOOS","1997","1998","BRIDGEWELL SECURITIES"
"422","THOMAS N. GRIFFIN","1991","2011","BRITISH EMBASSY"
"423","LEON J. LAPORTE","2006","2011","BRITISH GOVERNMENT"
"424","HENRY J. HATCH","1992","2011","BROADWAY GATE CAPITAL  LLC"
"425","EDWARD DOVE","1980","1986","BRUMMER & PARTNERS"
"426","EDMOND DE LA HAYE JOUSSELIN","1972","1974","BRUMMER & PARTNERS - B & P FUND SERVICES"
"427","JIM LE PELLEY","1972","1999","CACI"
"428","BOYD REX PLOWMAN","1990","1997","CACI INTL"
"429","MARTIN PAUL TOLCHER","2007","2011","CADOGAN MANAGEMENT LLC"
"430","NORMAND G. LEZY","1999","2011","CAMBRIDGE CAPITAL PARTNERS"
"431","RONALD W. IVERSON","1997","2011","CAMDEN ASSET MANAGEMENT LP"
"432","KEVIN MATHEWS","1995","2006","CAMINUS LLC"
"433","HEINZ NIPP","1982","2001","CANADIAN IMPERIAL BANK OF COMMERCE"
"434","MICHAEL C. COLLEY","1994","2011","CARGILL INCORPORATED"
"435","RICHARD KELLY","2005","2011","CAVU CAPITAL ADVISORS  LLC"
"436","BRUCE A WRIGHT","2008","2011","CAYMAN MANAGEMENT LTD"
"437","DAVID J. KELLEY","2006","2011","CAZENOVE"
"438","CHARLES W. MOORE","2004","2011","CAZENOVE & CO"
"439","MARTIN J. MAYER","2003","2011","CAZENOVE ABSOLUTE EQUITY LIMITED"
"440","MARVIN R ESMOND","2000","2011","CAZENOVE CAPITAL"
"441","CARLISLE TROST","1990","2011","CEDAR HILL CAPITAL PARTNERS"
"442","JAMES D. MCARTHUR  JR.","2007","2011","CELLCOM LIMITED"
"443","CHARLES E CROOM  JR","2008","2011","CENTAUR FUND SERVICES"
"444","JAMES O. ELLIS","2004","2011","CENTER FOR ARMS CONTROL"
"445","DENNIS D. CAVIN","2004","2011","CENTER FOR CREATIVE LEADERSHIP"
"446","JAMES L JAMERSON","1998","2011","CENTER FOR EXCELLENCE IN DISASTER MANAGEMENT AND HUMANITARIAN ASSISTANCE"
"447","GEORGE E. LOUDON","2002","2007","CENTER FOR STRATEGIC DECISION RESEARCH"
"448","DAVID S. WEISMAN","2001","2011","CENTER FOR THE STRATEGIC STUDIES OF AMERICA"
"449","JOHN M. NOWAK","1995","2011","CENTRAL BANK OF VENEZUELA"
"450","JEAN KELLER","2002","2004","CGI FEDERAL"
"451","MARK LLORD-PRICE","2001","1978","CHARTERED INSTITUTE FOR SECURITIES AND INVESTMENT"
"452","GEOFFREY L. BELL","1964","1965","CHASE MANHATTAN BANK"
"453","DONALD J KUTYNA","1992","2011","CHASE MUTUAL FUNDS"
"454","LEO J. PIGATY","1994","2011","CHEMICAL IRELAND COMPANIES (SUBSIDIARIES OF CHEMICAL BANKING CORPORATION"
"455","LLOYD (CHIP) S UTTERBACK","2009","2011","CHEYNE CAPITAL AG"
"456","WILLIAM J. HANCOCK","1998","2011","CITCO FUND SERVICES"
"457","CARL E. FRANKLIN","1996","2011","CITCO TRUSTEES LIMITED"
"458","HAROLD W. GEHMAN","2000","2011","CITIBANK"
"459","DONALD C. ARTHUR  JR.","2007","2011","CITICORP"
"460","PHILIP BOYLAN","1990","1996","CITI HEDGE FUND SERVICES"
"461","JOSEPH BANNISTER","1990","1994","CLARIUM CAPITAL MANAGEMENT  LLC"
"462","JOSEPH BANNISTER","1995","1997","CLARK T. ROBERT INC."
"463","JAY W. KELLEY","1996","2011","COALITION DEVELOPMENT LIMITED"
"464","JAIME ESPINOSA DE LOS MONTEROS","1983","1985","CODOJU (CONSULTATIVE BODY TO THE PRIME MINISTER ON THE IMPROVEMENT OF THE LEGISLATIVE FRAMEWORK OF THE FINANCIAL SECTOR)"
"465","JAIME ESPINOSA DE LOS MONTEROS","1981","1982","COHEN"
"466","KEITH DORRIAN","1973","1984","COHEN & STEERS CAPITAL MANAGEMENT  INC."
"467","NATALIE SULLIVAN","2004","2008","COLONIAL MANAGEMENT"
"468","GEORGE CHRISTMAS","1996","2011","COMMISSION DE SURVEILLANCE DU SECTEUR FINANCIER (CSSF)"
"469","JOHN F REGNI","2009","2011","COMMUNITY ANTI-DRUG COALITIONS OF AMERICA"
"470","JAMES G ROUDEBUSH","2009","2011","COMPAGNIE FINANCIÉRE RICHEMONT"
"471","CHARLES A MAY","1992","2011","CONSTAR INTERNATIONAL INC."
"472","CHARLES KRULAK","1999","2011","CONSULTATIVE COMMITTEE OF ACCOUNTING BODIES"
"473","GEORGE E. LOUDON","1971","1976","CONTINENTAL EUROPE OF HENDERSON GLOBAL INVESTORS LIMITED"
"474","BRUNO PFISTER","1988","1996","COÖPERATIEVE CENTRALE RAIFFEISEN-BOERENLEENBANK B.A."
"475","JOHN R BAKER","2005","2011","CORDILLERA CONSULTING GROUP"
"476","THOMAS A. SCHWARTZ","2002","2011","CORNELL COMPANIES  INC."
"477","JOHN W. NYQUIST","1991","2011","CORPORATE FINANCE DIVISON OF SG WARBURG"
"478","MERRILL A. MCPEAK","1994","2011","CORPORATE INSURANCE AND REINSURANCE COMPANY LIMITED"
"479","PATRICK ZURSTRASSEN","2004","2010","COURT OF THE BANK OF ENGLAND"
"480","PIM MOL","1991","1995","CRANE CORPORATION"
"481","RICHARD MIES","2002","2011","CRANE MATERIALS INTERNATIONAL"
"482","PAUL ILG","1991","2011","CRANFIELD INSTITUTE OF TECHNOLOGY"
"483","JAMES F. AMERAULT","2001","2011","CREDIT AGRICOLE"
"484","WILLIAM F. WATERS","1957","1996","CREDIT SUISSE AG  ZURICH"
"485","MICHAEL E RYAN","2001","2011","CREDIT SUISSE ASSET MANAGEMENT PUBLIC COMPANY"
"486","JOHN M. MCDUFFIE","2001","2011","CREDIT SUISSE BRAZIL"
"487","GEORGE E. LOUDON","1988","1992","CREDIT SUISSE FIRST BOSTON"
"488","""EG """"BUCK"""" SHUBER""","1991","2011","CREDIT SUISSE SAM"
"489","MICHAEL D MCGINTY","1998","2011","CREDIT SUISSE TRUST GROUP"
"490","THOMAS N. BURNETTE","2002","2011","CRESTONE CAPITAL ADVISORS LLC"
"491","NORBERT R. RYAN","2002","2011","CROKER B STEPHEN LLC."
"492","MICHAEL S. DAVISON","2000","2011","CUNNINGHAM CENTER FOR LEADERSHIP DEVELOPMENT"
"493","PAUL E. MENOHER","1997","2011","DAVID & LUCILE PACKARD FOUNDATION"
"494","PAUL G. GAFFNEY","2003","2011","DAVISON CONSULTANTS"
"495","JAMES R. HALL","1991","2011","DCB ASSOCIATES  INC"
"496","DANIELE HENDRY","1988","1999","DEFENSE ADVISORY COMMISSION ON WOMEN IN THE SERVICES"
"497","MICHAEL F. KLEIN","1997","1999","DEUTSCHE ASSET MANAGEMENT"
"498","COLIN BALL","1986","1991","DEUTSCHE BANK LTD"
"499","JAMES AMY","2000","2005","DEUTSCHE BANK PRIVATE BANKING"
"500","FRANK L. BOWMAN","2005","2011","DEUTSCHE BANK SECURITIES"
"501","MICHAEL  T. M MOSELEY","2008","2011","DEUTSCHE INVESTMENT MANAGEMENT AMERICAS INC. (FORMER: ZURICH SCUDDER INVESTMENTS  INC.)"
"502","BANTZ J. CRADDOCK","2009","2011","DEVELICA DEUTSCHLAND LIMITED"
"503","JOHN B. SYLVESTER","2004","2011","DEXIA  EX-CRÉDIT COMMUNAL DE BELGIQUE"
"504","CROSBIE E. SAINT","1992","2011","DEXIA ASSET MANAGEMENT"
"505","CARL E. VUONO","1991","2011","DEXIA ASSET MANAGEMENT ALTERNATIVE DUBLIN"
"506","CARLA DIANE HUNTER","1997","2002","DEXION ALPHA STRATEGIES LIMITED"
"507","NANCY E BROWN","2009","2011","DIAMONDBACK CAPITAL"
"508","EUGENE L TATTINI","2001","2011","DIANASSOCIATES"
"509","JEFFERSON HOWELL","1998","2011","DIGITAL EQUIPMENT CORPORATION"
"510","SPENCE M ARMSTRONG","1990","2011","DIGITAL FUSION SOLUTIONS  INC"
"511","JOHN R. DAILEY","1992","2011","DISTRICT BANK (NOW PART OF THE ROYAL BANK OF SCOTLAND)"
"512","RAYMOND A. MASON","2002","2007","DKR MANAGEMENT COMPANY INC."
"513","RAYMOND A. MASON","1974","1975","DLA"
"514","LAWRENCE BECKER","2000","2003","DNB NOR ASSET MANAGEMENT AB"
"515","MICHAEL J DUGAN","1990","2011","DOLPHIN FUND MANAGEMENT"
"516","GERALD L. HOEWING","2006","2011","DOMESTIC FUND"
"517","JOHN L HUDSON","2009","2011","DOMINION FUND MANAGEMENT LIMITED"
"518","JAMES E CHAMBERS","1994","2011","DONALDSON  LUFKIN AND JENRETTE SECURITIES CORPORATION"
"519","JOHN RHODES","2000","2011","DRAPER LABORATORIES"
"520","CULTER DAWSON","2005","2011","DRESDNER KLEINWORT WASSERSTEIN"
"521","JOHN A. LOCKARD","2000","2011","DRESDNER RCM GESTION"
"522","WILLIAM A. EARNER","1996","2011","DREXEL BURNHAM LAMBERT"
"523","LAWRENCE P FARRELL  JR","1998","2011","DURANGO"
"524","FRANCES WILSON","2009","2011","DURHAM WESTERN HERITAGE MUSEUM"
"525","DAVID W. BARNO","2006","2011","DYMON ASIA CAPITAL"
"526","ERVIN J. ROKKE","1997","2011","DYMON ASIA CAPITAL PTE. LTD."
"527","EDMOND DE LA HAYE JOUSSELIN","1974","1989","EASDAQ"
"528","WILLIAM J. FALLON","2008","2011","EASTERN EUROPEAN PROPERTY FUND LIMITED"
"529","DAVID L. BENTON","2002","2011","EDUNEERING  INC."
"530","TERRY L GABRESKI","2010","2011","EFFICIENT ENERGY ADVISORS"
"531","ALBERT T. CHURCH","2005","2011","EFG ASSET MANAGEMENT BUSINESS"
"532","DANIEL G. BROWN","2002","2011","EFG BANK LONDON"
"533","WILLIAM WELSER III","2005","2011","EFG OFFSHORE LIMITED"
"534","GEORGE A. CROCKER","1999","2011","EICHLOF HOLDING AG"
"535","JOHN E. JAQUISH","1993","2011","EID PASSPORT INC"
"536","CONRAD C. LAUTENBACHER","2000","2011","EMPLOYEES RETIREMENT SYSTEM OF FORT WORTH"
"537","STANLEY R. SZEMBORSKI","2007","2011","ENSKILDA BANK"
"538","JOHN J. MAZACH","1999","2011","ENTERPRISE FEDERAL SAVINGS BANK"
"539","EVAN M. CHANIK","2008","2011","EQUITIES MANAGEMENT"
"540","DANIEL P LEAF","2008","2011","ERGATES CAPITAL MANAGEMENT"
"541","JAMES M. ZORTMAN","2007","2011","ERNST & ERNST"
"542","GEORGE P TAYLOR","2006","2011","ERNST & YOUNG"
"543","EDWARD SORIANO","2005","2011","ERNST & YOUNG  CHARTERED ACCOUNTANTS"
"544","EDWARD P. BARRY","2004","2011","ERNST & YOUNG  JERSEY"
"545","ROBERT C HINSON","2003","2011","ERNST & YOUNG INC."
"546","PATRICK P. CARUANA","1997","2011","ERNST AND YOUNG LLP"
"547","ROBERT D BECKEL","1992","2011","ESPINOSA PARTNERS  A.V.  S.A."
"548","ANTHONY J BURSHNICK","1991","2011","ESTABLISHMENT INVESTMENET TRUST"
"549","DONALD O. ALDRIDGE","1991","2011","ESTEE LAUDER"
"550","DANIEL T. OLIVER","2000","2011","EUROPEAN PARLIAMENT"
"551","BRUCE CARLSON","2010","2011","EVEREN SECURITIES"
"552","RONALD COLEMAN","2010","2011","EVLI MONEY AB"
"553","GEORGE L. BUTLER","1994","2011","EVOLUTION GROUP PLC (FORMERLY  BEESON GREGORY GROUP PLC)"
"554","PHILIP R KENSINGER  JR","2006","2011","EXETER FINANCIALS FUND LIMITED"
"555","GEORGE A. FISHER","2004","2011","EXOR S.P.A."
"556","HILMI A. UNVER","1999","2006","EXXON CHEMICAL COMPANY"
"557","DENNIS C. BLAIR","2007","2011","F&C COMMERCIAL PROPERTY TRUST LIMITED"
"558","RICHARD A BURPEE","1992","2011","FALKEN INDUSTRIES"
"559","MICHAEL MARKS","2004","2007","FIDELITY & GUARANTY LIFE (FORMERLY: OLD MUTUAL U.S. LIFE)"
"560","SAMUEL E. EBBESEN","1997","2011","FIDUCIARY TRUST COMPANY"
"561","LAWRENCE BECKER","1981","2000","FIRST NATIONAL BANK OF CHICAGO"
"562","MICHAEL A HAMEL","2008","2011","FIRST UNION SECURITIES"
"563","FREDERICK M. FRANKS","1994","2011","FLEET BOSTON FINANCIAL"
"564","IRA C. OWENS","1995","2011","FLEETWOOD ENTERPRISES  INC. (HOLDING COMPANY OF HOMEONE CREDIT CORP)"
"565","DELL L. DAILEY","2007","2011","FORCE PROTECTION INC"
"566","JOHN J. SHEEHAN","1997","2011","FORE RESEARCH AND MANAGEMENT  LP"
"567","JOSEPH W. PRUEHER","1999","2011","FORK UNION"
"568","KENNETH A MINIHAN","1999","2011","FORTIS"
"569","CHRISTOPHER SPENCER","1990","2000","FORTIS INVESTMENT MANAGEMENT UK LIMITED"
"570","CHRISTOPHER SPENCER","1990","2000","FORTIS INVESTMENTS"
"571","CHARLES B. EICHELBERGER","1991","2011","FORTIS PRIVATE BANKING"
"572","JOHN EDWARD MALTBY","1991","1992","FOUNDATION FOR FISCAL STUDIES"
"573","JOHN B. LAPLANTE","1996","2011","FOUNDING PARTNER"
"574","GARY GLADSTEIN","1986","2000","FRAME GROUP"
"575","ERIC K. SHINESKI","2003","2011","FRANKLIN RESOURCES INC."
"576","PETER PACE","2007","2011","FRANKLIN TEMPLETON MUTUAL FUND"
"577","JAMES F. MCCALL","1991","2011","FRESNAK AND ASSOCIATES"
"578","GARY GLADSTEIN","2003","2006","FRONTIER ECONOMICS LIMITED"
"579","JACK KLIMP","2001","2011","GAM GROUP"
"580","MIGUEL GONZALEZ","1997","2001","GENERAL DYNAMICS - LAND SYSTEMS"
"581","JOHN CASTELLAW","2008","2011","GENERAL RE FINANCIAL PRODUCTS GROUP"
"582","LUCAS HENDRIK WURFBAIN","1958","1991","GENERAL RE FINANCIAL SECURITIES LIMITED"
"583","JOHN R DALLAGER","2003","2011","GENUINE PARTS COMPANY"
"584","PHILIP J. G. CALDWELL","1969","1985","GEORESOURCE HAWAII"
"585","KENNETH E EICKMANN","1998","2011","GERNANDT & DANIELSSON LAW FIRM"
"586","RANDALL M SCHMIDT","2006","2011","GLOBAL ASSET MANAGEMENT AG"
"587","MICHAEL L. COWAN","2004","2011","GLOBAL MARKETS AMERICA"
"588","JARED L. BATES","1997","2011","GLOBAL PARTNERSHIPS"
"589","WILLIAM J BEGERT","2004","2011","GLOBAL PAYMENTS  INC."
"590","ROBERT BURKE","1973","1978","GMF GROUP"
"591","JOHN EDWARD HALLAM","1972","1999","GOLDMAN SACHS DYNAMIC OPPORTUNITIES LIMITED"
"592","DAVID E. JEREMIAH","1994","2011","GRANTHAM  MAYO  VAN OTTERLOO & CO.  LLC"
"593","JOHN T. CHAIN","1996","2011","GSB"
"594","PETER J. SCHOOMAKER","2007","2011","GUERNSEY FINANCE"
"595","MICHAEL W. HAGEE","2007","2011","GUERNSEY FUND MANAGERS ASSOCIATION"
"596","JOE N. BALLARD","2000","2011","GUERNSEY INVESTMENT FUNDS ASSOCIATION"
"597","EDWARD HANLON","2007","2011","GUERNSEY SOCIETY OF CHARTERED AND CERTIFIED ACCOUNTANTS"
"598","WALTER F. DORAN","2005","2011","GUINNESS MAHON HOLDINGS"
"599","BRIAN A ARNOLD","2005","2011","GUTWILLER & CIE  BANQUIERS"
"600","THOMAS B GOSLIN  JR","2005","2011","GUTZWILLER FONDS MANAGEMENT AG"
"601","THOMAS J. KECK","2002","2011","GUYASUTA INVESTMENT ADVISORS"
"602","JOHN COSTELLO","2001","2011","GUYERZELLER BANK"
"603","PAUL E. BLACKWELL","1996","2011","GYROCAM SYSTEMS"
"604","STANLEY E. GREEN","2008","2011","HAMPDEN SYDNEY COLLAGE"
"605","WILLIAM SCOTT","1989","2002","HAWAIIAN ELECTRIC INDUSTRIES"
"606","GEORGE LORAINE","1968","1971","HAWAII PACIFIC UNIVERSITY"
"607","PAUL REASON","1999","2011","HEALTH SERVICES CONSULTING"
"608","HENRY H. SHELTON","2001","2011","HEKMAN M. PETER INC."
"609","RAYMOND A. MASON","1978","1981","HEMISPHERE MANAGEMENT LIMITED"
"610","DENNIS V. MCGINN","2002","2011","HENDERSON FAR EAST INCOME LIMITED"
"611","HILMI A. UNVER","1990","1995","HERITAGE FOUNDATION"
"612","DENNIS MCCARTHY","2005","2011","HIGH FLYER VENTURES  LLC"
"613","RICHARD KRAMLICH","2009","2011","HISCOX LTD"
"614","RICHARD J. TRZASKOMA","1993","2011","HMH ASSOCIATES LLC"
"615","CHRISTOPHER ANTHONY HOHN","2005","2007","HOFSTRA UNIVERSITY"
"616","ROBERT J. NATTER","2003","2011","HSBC HOLDINGS PLC"
"617","ROBERT E KEYS","2007","2011","HSBC INFRASTRUCTURE COMPANY LIMITED"
"618","RICHARD B MYERS","2005","2011","HSBC SECURITIES"
"619","TIM STEEL","1974","1979","HUNTING AND SHOOTING SPORTS HERTIGAE FOUNDATION"
"620","ROBERT L RUTHERFORD","1996","2011","IAG"
"621","ROBERT MAGNUS","2008","2011","IAP"
"622","WALTER S HOGLE JR","2001","2011","IBM BUSINESS CONSULTING"
"623","STEPHEN G WOOD","2009","2011","ICHEC  BRUSSELS"
"624","STEPHEN B PLUMMER","2003","2011","ICX TECHNOLOGIES"
"625","RONALD W YATES","1995","2011","IDAHO TECHNOLOGY COUNCIL"
"626","ROBIN FULLER","2002","2003","IFORMATION GROUP"
"627","ROBIN FULLER","1999","2003","IFOS INTERNATIONAL FONDS SERVICE AKTIENGESELLSCHAFT  VADUZ"
"628","VEIT DE MADDALENA","2006","2007","IMAGEMARK BUSINESS SERVICES  INC."
"629","ERWIN BRUNNER","1989","1990","IMS"
"630","JOHN W. RENOUF","1990","2000","INSINGER DE BEAUFORT ASSET MANAGEMENT N.V."
"631","ROBERT T. CONWAY","2009","2011","INSTITUTE OF ACTUARIES"
"632","STEVEN W. BOUTELLE","1996","2011","INTEGRAL MANAGEMENT"
"633","ROBERT G. GARD","1997","2011","INTEGRAL SYSTEMS"
"634","JAMES W. METZGER","2005","2011","INTEGRATED SYSTEMS"
"635","JOSEPH E. DEFRANCISCO","2004","2011","INTELIUS"
"636","DAVID L VESELY","1999","2011","INTELLI-CHECK MOBILISA"
"637","WILLIAM A. OWENS","1996","2011","INTERCAD"
"638","GORDON E. FORNELL","1993","2011","INTERNATIONAL ASSET MANAGEMENT"
"639","BERNARD P RANDOLPH","1990","2011","INTERNATIONAL ASSET MANAGEMENT LIMITED"
"640","WAYNE DOWNING","1996","2007","INTERNATIONAL BAR ASSOCIATION"
"641","JAMES VERNON","1993","1998","INTERNATIONAL RADIO & TELEVISION SOCIETY"
"642","ROBERT K. U. KIHUNE","1994","2011","INVESTEC FUND MANAGERS SA LIMITED"
"643","EUGENE D SANTARELLI","1998","2011","INVESTMENT MANAGER"
"644","GARY MCKISSOCK","2002","2011","INVESTOR ASIA LIMITED (INVESTOR AB)"
"645","CHARLES L. MUNNS","2007","2011","INVESTOR RELATIONS GROUP"
"646","KENNETH R. WYKLE","1995","2011","IRIDIUM COMMUNICATIONS"
"647","NELSON J. OBUS","1990","1992","IRISH DEPARTMENT OF LABOUR"
"648","HENRY A OBERING III","2009","2011","IRISH DISTILLERS GROUP PLC."
"649","NELSON J. OBUS","1990","1992","IRISH TAXATION INSTITUTE"
"650","ROLAND WEISER","1978","1984","ISIS PROPERTY TRUST 2 LIMITED"
"651","MARTIN BRANDTNER","1993","2011","ISLE OF MAN SOCIETY OF CHARTERED ACCOUNTANTS"
"652","RICHARD BATTEY","1994","2004","IVORY & SIME"
"653","JON MACINTOSH","1991","1995","JAMES CAPEL & CO"
"654","CHRISTOPHER SHERWELL","2000","2004","JAMES RIVER CAPITAL CORP"
"655","EDMOND D. VILLANI","1996","2002","JERMYN CAPITAL KK"
"656","WILLIAM G. PAGONIS","1993","2011","JOHN HANCOCK"
"657","RAYMOND A. MASON","1983","1988","JOT ENTERPRISES  LLC "
"658","LYLE G. BIEN","1999","2011","JP MORGAN"
"659","SYLVAIN RODITI","1988","1991","JP MORGAN PARTNERS"
"660","DAVID H. OHLE","2000","2011","JP MORGAN SINGAPORE"
"661","ROGER G. THOMPSON","1999","2011","JSD & SON ENTERPRISES"
"662","GORDON R. SULLIVAN","1995","2011","JT HILL & ASSOCIATES"
"663","MARK NICHOLAS CUTIS","2004","2008","JULIUS BAER INVESTMENT MANAGEMENT INC."
"664","MICHAEL W WOOLEY","2008","2011","JULIUS BAER INVESTMENTS LIMITED"
"665","LESTER L LYLES","2003","2011","JULIUS BAR ESPAÑA (NOW KEPLER EQUITIES)"
"666","MICHAEL C SHORT","2000","2011","JUNIPERHILL ASSET MANAGEMENT (FORMER: WHELEHAVEN CAPITAL FUNDS)"
"667","EDMOND DE LA HAYE JOUSSELIN","1989","1994","JURIDICA INVESTMENTS LIMITED"
"668","MICHAEL D. MALONE","2004","2011","KEMPEN INTERNATIONAL FUNDS SICAV"
"669","ROBERT SHEA","2006","2011","KENYON COLLEGE"
"670","CHRISTOPHER SHERWELL","1970","1980","KFORCE"
"671","JEROME L. JOHNSON","1992","2011","KINGDON CAPITAL"
"672","ROBERT E. KRAMEK","1998","2011","KKR GLOBAL INSTITUTE"
"673","HEINRICH AESCHBACH","1995","2006","KLEINHEINZ CAPITAL PARTNERS  INC."
"674","OLA PAULSSON","1994","1996","L-3 COMMUNICATIONS"
"675","FRANK F. LEDFORD","1992","2011","L-3 COMMUNICATIONS HOLDINGS"
"676","JUSTIN D. MCCARTHY","2007","2011","LA COMPAGNIE BENJAMIN DE ROTHSCHILD S.A."
"677","RALPH E. EBERHART","2005","2011","LA COMPAGNIE FINANCIERE EDMOND DE ROTHSCHILD BANQUE"
"678","THOMAS C WASKOW","2005","2011","LA COMPAGNIE FINANCIERE HOLDING BENJAMIN ET EDMOND DE ROTHSCHILD GENEVE S.A."
"679","TOM GLISSON","2004","2011","LA COMPAGNIE FINANCIERE SAINT-HONOÉ"
"680","JOHN CALDWELL","2004","2011","L AND E ENTERPRISE SOLUTIONS"
"681","STAN ARTHUR","2002","2011","LANDINGPOINT CAPITAL"
"682","GUS CIANCIOLO","2000","2011","LANDMINE CLEARANCE INTERNATIONAL"
"683","JOHN HALL","1999","2011","LAND SECURITIES"
"684","JOE LOPEZ","1999","2011","LAPORTE & ASSOCIATES"
"685","JEFFREY W. OSTER","1998","2011","LA ROCHE AG"
"686","EVERETT H. PRATT","1997","2011","LAW COMPANIES GROUP"
"687","LEIGHTON W. SMITH","1996","2011","LAW ENFORCEMENT ASSOCIATES CORP"
"688","THOMAS P. CARNEY","1995","2011","LAYNE CHRISTENSEN CO."
"689","NORMAN W RAY","1995","2011","LAZARD BROS & CO LIMITED"
"690","MICHAEL P. C. CARNS","1994","2011","LAZARD BROTHERS"
"691","STEPHEN F. LOFTUS","1994","2011","LAZARD BROTHERS 6 CO. LTD"
"692","DONALD M. LIONETTI","1994","2011","LAZARD FRERES & CO."
"693","ROBERT W. RISCASSI","1993","2011","LAZARD FUND MANAGERS LIMITED"
"694","JAMES B. DAVIS","1993","2011","LAZARD REALTY"
"695","JOHN B CONAWAY","1993","2011","LB GLOUCESTER CONSULTING LTD"
"696","LEO W SMITH","1992","2011","LCF EDMOND DE ROTHSCHILD ASSET MANAGEMENT"
"697","JERRY R. RUTHERFORD","1995","2011","LCF EDMOND DE ROTHSCHILD ASSET MANAGEMENT LIMITED"
"698","EDMUND GIAMBASTIANI","2007","2011","LCF ROTHSCHILD SECURITIES LIMITED"
"699","DANIEL R. ZANINI","2007","2011","LCH INVESTMENTS NV"
"700","BILLY K. SOLOMON","2002","2011","LEE & ASSOCIATES COMMERCIAL REAL ESTATE SERVICES AND INALDN EMPIRE"
"701","STEPHEN R. POLK","2006","2011","LENTIKIA CAPITAL LLP"
"702","GARY HUGHEY","2005","2011","LETTE  LETTE & PARTNERS"
"703","DONALD A LAMONTAGNE","2004","2011","LEVERAGED CAPITAL HOLDINGS NV"
"704","JOHN R. WOOD","2009","2011","LEXINGTON CORPORATION"
"705","MICHAEL D. MAPLES","2009","2011","LEZY STRATEGIES  LLC"
"706","GREGORY NEWBOLD","2002","2011","LGS INNOVATIONS (LUCENT)"
"707","TIMOTHY W. WRIGHT","1996","2011","LGT BANK IN LIECHTENSTEIN AG"
"708","NORMAN SCHWARZKOPF","1991","2011","LGT CAPITAL MANAGEMENT"
"709","ROBERT J. HIGGINS","2003","2004","LGT GROUP FOUNDATION"
"710","MARTIN STEELE","1999","2011","LIECHTENSTEIN GLOBAL TRUST (NOW: LGT GROUP FOUNDATION)"
"711","ARTHUR C. PRICE","2004","2005","LLOYDS BANK"
"712","ARTHUR CHARLES VALERIAN WELLESLEY","1995","2000","LLOYDS TSB GROUP"
"713","JOHN G. DROSDICK","2000","2008","LMI"
"714","JOHN W. CRAINE","2001","2011","LOCKHEED CENTER FOR INNOVATION"
"715","JAMES S CASSITY","1991","2008","LOCKHEED MARTIN"
"716","KEVIN MATHEWS","1986","1995","LOEA CORP"
"717","DUNCAN BAXTER","1988","1998","LOGISTICS MANAGEMENT INSTITUTE"
"718","ERWIN BRUNNER","1969","1988","LOGISTICS MANAGEMENT RESOURCES INC"
"719","WILLIAM J DONAHUE","2000","2011","M.L.H. QUIN & CO."
"720","TEDDY G. ALLEN","1993","2011","MAITLAND"
"721","JOHN EDWARD MALTBY","1994","2000","MAITLAND LUXEMBOURG S.A."
"722","JAMES M. LINK","2008","2011","MANTECH"
"723","PAUL DAVID MILLER","2001","2011","MANUFACTURER HANOVER TD."
"724","RICHARD E BROWN","2004","2011","MARKET RULES ADVISORY COMMITTEE OF IIROC"
"725","JOSEPH WEBER","2008","2011","MARLO COIL "
"726","MARC A. CISNEROS","2005","2011","MARSHALL WACE"
"727","PAUL K CARLTON","2002","2011","MARSTEL"
"728","JOHN A. VAN ALSTYNE","2002","2011","MARTIN BLANCK AND ASSOCIATES"
"729","THOMAS A. BAKER","1993","2011","MATRIX NEW EUROPE FUND"
"730","JAMES HILLE","1995","2006","MATRIX RM FUND"
"731","DONALD L CROMER","1991","2011","MCDERMOTT INT"
"732","HAROLD M. KOENIG","1998","2011","MCKINSEY & CO"
"733","PHILIP DICKIE","1998","2002","MCLANE"
"734","LAWSON W. MAGRUDER","2001","2011","MCLANE BOARD"
"735","ADRIAN WATERS","1993","2001","MCRV  INC"
"736","JOHN W ROSA  JR","2005","2011","MELE"
"737","ROBERT D. BISHOP","2008","2011","MERRILL ADVISORS"
"738","GLEN W MOORHEAD II","2006","2011","MERRILL LYNCH"
"739","RICHARD C BETHUREM","2003","2011","MERRILL LYNCH & CO"
"740","LAURENT ARNOUX","2001","2004","MICHAEL E. RYAN & ASSOCIATES"
"741","LANCE W. LORD","2006","2011","MICROMATICS  LLC"
"742","GREGORY S MARTIN","2005","2011","MICROSOFT"
"743","LEE F. GUNN","2000","2011","MID-MED BANK OVERSEAS LIMITED"
"744","LESLIE F KENNE","2003","2011","MILKEN GLOBAL CAPITAL MARKETS"
"745","THOMAS J. PLEWES","2002","2011","MISSISSIPPI STATE UNIVERSITY"
"746","ROBERT T. DAIL","2009","2011","MIZUHO FINANCIAL GROUP"
"747","FRANKIE D. HUGHES","2000","2008","MOORE STEPHENS INTERNATIONAL FUND SERVICES LIMITED"
"748","FRED HISSONG","2000","2011","MOORE STRATEGIC VALUE PARTNERS JAPAN"
"749","WILLIAM J. FLANAGAN","1997","2011","MORAVIAN COLLEGE"
"750","THAD A. WOLFE","1996","2011","MORGAN STANLEY AIP GP LP"
"751","SYLVAIN RODITI","1985","1989","MORGAN STANLEY CHINA A SHARE FUND INC."
"752","BRYAN D. BROWN","2007","2011","MORGAN STANLEY INVESTMENT MANAGEMENT"
"753","MICHAEL BUCCHI","2003","2011","MORTENSEN & ASSOCIATES"
"754","MATTHEW COOPER","1993","2011","MPC PILGRIM FUND LIMITED"
"755","THOMAS B. FARGO","2005","2011","MYELOMA FOUNDATION"
"756","JOSEPH BANNISTER","1998","1999","MZM INC"
"757","RANDOLPH W. HOUSE","2000","2011","NATIONAL ACADEMY OF ENGINEERING"
"758","SVANTE ELFVING","1983","1987","NATIONAL BOARD OF DIRECTORS FOR YEAR UP"
"759","ALEXANDRE DARRE","1995","2007","NAVAL HISTORICAL LEAGUE"
"760","MICHEL FEST","1993","1998","NAVAL STUDIES BOARD"
"761","SERDAR AKTASLI","1997","1999","NAVY LEAGUE"
"762","MICHAEL BOYCE","1990","1997","NEW FINANCE CAPITAL LLP"
"763","MARCEL ERNZER","1987","1996","NEW MOUNTAIN CAPITAL  LLC"
"764","ALEXANDER E. BRUNNER","2002","2005","NEW YORK SOCIETY OF SECURITY ANALYSTS"
"765","MICHEL LUSA","1979","1998","NICHOLAS BRAHAM IS DIRECTOR OF CITCO LONDON LTD"
"766","JOHN W. HENDRIX","2002","2011","NORDEA BANK SVERIGE AB"
"767","ALBERT G. HARMS","2005","2011","NORTHERN TRUST INVESTOR SERVICES LIMITED (FORMER: ULSTER BANK INVESTMENET SERVICES LIMITED -UBIS)"
"768","JEROME H. GRANRUD","1994","2011","NRO"
"769","DANIEL W. CHRISTMAN","2001","2011","NUCLEAR DISARMAMENT MOVEMENT"
"770","JAMES L. JONES","2009","2011","NUCLEAR ENERGY INSTITUTE"
"771","KARL W. EIKENBERRY","2009","2011","NUCLEUS SCIENTIFIC  INC."
"772","MICHAEL D. HASKINS","2003","2011","OAK GROVE TECHNOLOGIES"
"773","ROBERT T HERRES","1990","2008","OAK RIDGE NATIONAL LABORATORY"
"774","HENRY VICCELLIO  JR.","1997","2011","OCTUS INC"
"775","PAUL T. MIKOLASHEK","2005","2011","ODNI"
"776","THOMAS H. COLLINS","2006","2011","OGIER AND APPLEBY"
"777","RICHARD V REYNOLDS","2005","2011","OLD MUTUAL INTERNATIONAL GUERNSEY"
"778","JAMES T. SCOTT","1996","2011","ONE WILLIAM STREET CAPITAL MANAGEMENT  L.P. (OWS)"
"779","LEONARD M.  JR. SPALDING","1990","1998","ORBITAL"
"780","ROBERT J. KELLY","1994","2011","OZANNES"
"781","JOHN G. COBURN","2001","2011","P&C GLOBAL WEALTH MANAGER S.A."
"782","DAVE R. PALMER","1991","2011","PAI CONSULTING"
"783","TIMOTHY A KINNAN","2008","2011","PALLINGHURST RESOURCES LIMITED"
"784","RICHARD C. MACKE","1996","2011","PANNELL KERR FORSTER"
"785","ALBERT H. KONETZNI","2004","2011","PARADIGM ADVANCED TECHNOLOGIES"
"786","ROY E. BEAUCHAMP","2002","2011","PARESCO INC."
"787","CARL O'SULLIVAN","1987","1990","PARLIAMENT"
"788","WALLACE GREGSON","2009","2011","PATRIOT DEFENSE GROUP"
"789","SANDRA ROBERTSON","1993","2007","PENSION CORPORATION"
"790","ELLIS D. PARKER","1992","2011","PERMAL FAMILY O FNDS"
"791","DANIEL J. PETROSKY","2003","2011","PERMAL GROUP (DIFFERENT COMPANIES)"
"792","OTTO J. GUENTHER","1997","2011","PERMIT CAPITAL  LLC"
"793","JAMES DUNN","2005","2009","PERRY CAPITAL"
"794","HANSFORD T JOHNSON","1992","2011","PERRY PARTNERS"
"795","PATRICK FROST","1996","2006","PERSONNEL WELFARE FOUNDATION OF ROTHSCHILD BANK AG"
"796","RETO KOLLER","1990","2007","PHOENIX HOUSE"
"797","RETO KOLLER","1984","1989","PICTER & CIE."
"798","WILLIAM R LOONEY III","2008","2011","PICTET BANK & TRUST LTD."
"799","BRENT M. BENNITT","1998","2011","PICTSWEET COMPANY"
"800","JOSEPH J. WENT","1990","2011","PKF"
